do,ph,co,bod,na,tc,wqi
5.7,7.2,189.0,2.0,0.2,8391.0,76.96000000000001
6.3,6.9,179.0,1.7,0.1,5330.0,79.28
5.8,6.9,64.0,3.8,0.5,8443.0,69.34
5.8,7.3,83.0,1.9,0.4,5500.0,77.14000000000001
5.5,7.4,81.0,1.5,0.1,4049.0,77.14000000000001
6.1,6.7,308.0,1.4,0.3,5672.0,75.44
6.4,6.7,414.0,1.0,0.2,9423.0,75.44
6.4,7.6,305.0,2.2,0.1,4990.0,82.03999999999999
6.3,7.6,77.0,2.3,0.1,4301.0,82.75999999999999
7.1,7.1,176.0,1.2,0.1,7817.0,82.58000000000001
6.7,6.4,93.0,1.4,0.1,3433.0,66.25999999999999
7.4,6.8,121.0,1.7,0.4,18125.0,68.22
6.9,7.0,620.0,1.1,0.1,6300.0,82.03999999999999
6.0,7.5,72.0,1.6,0.2,9517.0,82.94
7.3,7.0,247.0,1.5,0.2,2453.0,82.4
7.3,7.0,188.0,1.0,0.1,3048.0,82.58000000000001
7.0,6.9,224.0,1.2,0.3,6742.0,79.28
7.3,6.7,144.0,1.5,0.1,3052.0,76.16
5.3,6.8,319.0,1.8,0.3,10250.0,61.88000000000001
6.3,6.4,79.0,1.6,1.4,12842.0,55.019999999999996
5.4,7.6,39.0,1.4,0.1,6367.0,77.32000000000002
2.2,6.5,322.0,4.7,1.2,14920.0,28.120000000000005
5.2,7.1,192.0,2.6,0.3,8925.0,76.96000000000001
5.6,7.5,282.0,1.8,0.1,5082.0,76.78
5.5,7.4,275.0,1.5,0.1,8625.0,76.78
7.3,6.7,55.0,1.4,0.1,4003.0,76.34
6.5,7.5,415.0,2.0,0.1,1538.0,82.03999999999999
7.2,6.3,100.0,1.5,0.1,13575.0,55.019999999999996
6.6,7.8,95.0,4.9,0.2,36.0,89.32000000000001
6.9,7.9,99.0,5.0,0.4,34.0,89.32000000000001
6.8,7.7,85.0,5.2,0.3,23.0,89.32000000000001
6.7,7.8,80.0,4.9,0.3,29.0,89.32000000000001
5.6,7.9,468.0,3.6,1.9,164.0,77.36
6.4,7.6,541.0,5.7,0.6,45.0,88.60000000000001
6.7,7.6,83.0,4.8,0.2,76.0,83.7
5.9,7.4,268.0,6.4,0.4,68.0,73.04
5.8,7.3,384.0,5.4,0.6,78.0,77.36
5.9,7.4,269.0,5.1,1.2,60.0,77.72
6.0,7.3,269.0,8.5,0.4,58.0,78.66
6.1,7.3,196.0,6.1,0.5,63.0,78.84
5.9,7.4,269.0,6.4,0.4,47.0,78.66
6.3,7.8,223.0,4.6,0.9,32.0,89.14000000000001
6.6,8.1,161.0,4.6,0.3,32.0,89.14000000000001
6.7,8.0,138.0,5.0,0.3,33.0,89.32000000000001
6.7,7.8,81.0,4.9,0.3,35.0,89.32000000000001
5.9,7.7,194.0,5.5,0.6,51.0,77.9
6.3,7.6,186.0,4.6,0.6,31.0,89.14000000000001
6.6,7.6,207.0,4.7,0.7,31.0,89.14000000000001
6.8,7.7,85.0,5.0,0.4,34.0,89.32000000000001
6.7,7.5,85.0,1.4,1.0,420.0,88.38
5.8,7.4,77.0,1.4,0.8,691.0,77.14000000000001
6.6,7.5,75.0,1.4,0.7,448.0,88.56
6.7,7.5,82.0,1.4,1.0,443.0,88.38
6.7,6.9,56.0,0.9,0.2,172.0,85.26
6.3,6.9,73.0,1.6,0.0,2008.0,79.64000000000001
7.0,7.4,130.0,0.7,0.1,590.0,82.75999999999999
6.6,7.7,191.0,1.6,0.2,661.0,82.58000000000001
6.9,6.9,134.0,1.1,0.4,531.0,79.46000000000001
7.0,7.5,80.0,0.8,0.4,3583.0,82.75999999999999
7.2,7.4,82.0,0.7,0.5,1311.0,82.75999999999999
7.5,7.2,67.0,1.1,0.1,590.0,82.94
3.0,6.6,965.0,1.7,1.2,530.0,55.28000000000001
6.7,7.5,90.0,1.6,0.9,473.0,88.38
6.7,6.9,87.0,1.7,0.2,350.0,85.08
6.9,6.8,85.0,1.6,0.2,206.0,85.08
2.1,6.8,101.0,1.6,0.8,694.0,51.36
2.5,6.9,83.0,1.9,0.3,656.0,51.36
7.2,7.6,75.0,1.4,1.0,426.0,88.56
6.1,7.6,281.0,1.2,0.7,718.0,82.4
6.7,7.6,106.0,0.5,2.5,71.0,88.38
7.6,7.1,58.0,1.2,0.1,961.0,82.94
7.4,7.0,35.0,0.1,0.0,409.0,88.56
6.4,7.2,63.0,1.3,0.4,535.0,82.94
5.4,6.7,65.0,1.1,0.3,144.0,76.34
5.6,7.3,90.0,1.6,0.4,705.0,77.14000000000001
7.1,8.0,728.0,1.2,0.4,697.0,82.03999999999999
7.4,6.9,57.0,1.1,0.3,159.0,85.26
7.2,7.2,41.0,0.7,0.2,658.0,82.94
6.5,7.4,71.0,0.6,0.3,7018.0,82.94
6.8,7.1,81.0,0.8,0.0,1268.0,82.75999999999999
6.8,6.9,68.0,1.7,0.1,660.0,79.64000000000001
6.6,7.0,70.0,1.4,0.1,822.0,82.94
6.4,7.7,100.0,0.6,0.9,88.0,88.38
7.3,6.9,96.0,1.9,0.2,825.0,79.46000000000001
6.8,6.6,49.0,0.5,0.4,2950.0,73.04
6.9,6.8,59.0,0.6,0.5,3375.0,79.64000000000001
6.7,7.1,66.0,0.6,0.0,626.0,82.94
7.2,7.0,59.0,0.6,0.0,433.0,88.56
6.0,7.6,120.0,1.3,1.1,523.0,82.75999999999999
5.2,6.8,55.0,0.6,0.7,313.0,79.64000000000001
4.8,6.8,86.0,0.7,0.8,332.0,73.84
3.9,6.9,62.0,0.5,0.7,284.0,68.4
7.0,7.0,36.0,1.1,0.2,541.0,82.94
6.3,6.9,64.0,1.2,0.3,815.0,79.64000000000001
6.2,6.9,86.0,1.3,0.2,1007.0,79.46000000000001
5.7,6.9,53.0,3.1,0.4,1205.0,69.34
6.6,7.0,46.0,1.3,0.3,472.0,88.56
6.5,6.5,43.0,0.9,0.4,188.0,78.66000000000001
6.7,6.3,54.0,0.9,0.1,610.0,66.44
4.3,7.2,113.0,1.8,0.4,796.0,71.52000000000001
7.7,6.9,61.0,1.6,0.0,554.0,79.64000000000001
5.8,6.5,61.0,1.0,0.4,151.0,73.04
6.9,7.5,54.0,0.6,0.0,1633.0,82.94
5.5,7.6,569.0,1.3,0.9,141.0,82.04
5.4,7.8,310.0,0.8,2.4,107.0,82.04
7.1,7.8,516.0,0.7,0.5,1238.0,82.03999999999999
6.9,8.0,505.0,0.9,0.7,1563.0,82.03999999999999
7.3,7.3,109.0,2.4,3.4,65.0,88.38
7.5,7.5,83.0,2.1,2.0,74.0,88.38
6.4,7.2,102.0,1.0,0.0,1223.0,82.75999999999999
6.5,7.1,92.0,1.0,0.0,1342.0,82.75999999999999
7.7,7.9,232.0,1.3,0.8,40500.0,71.16
7.5,7.8,519.0,2.1,0.7,53556.0,70.8
7.3,7.2,103.0,0.7,1.7,13810.0,71.52
7.4,7.9,196.0,0.7,0.6,15213.0,71.34
7.4,7.8,244.0,1.9,1.0,12473.0,71.16
7.5,8.0,243.0,1.7,0.9,30319.0,71.16
7.2,8.0,296.0,1.5,0.7,4314.0,82.4
7.5,7.9,194.0,1.0,1.0,8559.0,82.58000000000001
7.4,7.9,170.0,0.8,0.9,16709.0,71.34
6.8,6.6,63.0,2.9,0.1,36.0,84.28
6.6,6.4,101.0,2.5,0.2,41.0,77.5
6.6,6.5,136.0,2.5,0.2,45.0,84.10000000000001
6.7,6.9,226.0,2.2,0.2,38.0,90.34
6.7,6.3,72.0,2.7,0.2,32.0,77.68
6.7,6.4,61.0,4.6,0.1,34.0,73.0
6.7,7.0,461.0,2.5,0.1,51.0,87.66
6.6,6.2,69.0,2.5,0.1,38.0,77.68
6.8,6.9,241.0,2.5,0.1,48.0,90.34
6.5,6.6,159.0,2.4,0.2,41.0,83.92000000000002
6.6,6.7,170.0,2.5,0.2,34.0,87.22000000000001
5.8,7.2,640.0,6.0,4.3,4073.0,71.74000000000001
5.5,7.3,705.0,10.0,5.0,5433.0,67.06
5.5,7.4,745.0,10.0,6.1,29333.0,55.82
5.0,7.6,975.0,16.3,6.1,21667.0,50.199999999999996
5.3,7.2,970.0,13.3,5.9,7133.0,67.06
4.8,7.4,854.0,17.0,4.7,38000.0,50.199999999999996
4.0,6.8,370.0,3.0,0.8,9.0,73.12
7.8,7.8,376.0,1.3,0.4,17.0,93.28
7.7,7.7,354.0,1.3,0.3,22.0,93.28
7.6,7.9,344.0,1.6,0.4,22.0,93.28
4.4,7.1,694.0,41.0,1.2,224.0,67.06
5.9,8.0,401.0,0.9,0.7,15.0,87.66000000000001
6.0,7.2,106.0,0.8,0.4,15.0,94.0
5.6,7.9,326.0,1.1,0.8,4.0,93.28
6.2,8.1,592.0,1.0,0.7,6.0,93.28
7.2,7.5,119.0,2.3,3.8,74.0,88.38
7.2,7.5,120.0,2.3,4.1,67.0,88.38
7.5,7.3,82.0,1.8,2.8,70.0,88.38
7.5,7.5,111.0,2.4,3.0,506.0,82.75999999999999
5.3,3.3,831.0,7.7,3.2,36.0,61.800000000000004
7.2,7.2,56.0,1.7,2.6,42.0,94.18
7.5,7.2,66.0,1.6,2.5,44.0,94.18
7.8,7.0,74.0,2.3,4.3,108.0,88.56
7.3,6.6,274.0,2.5,2.4,386.0,78.12
7.4,7.3,67.0,1.8,2.5,55.0,88.56
7.2,7.4,82.0,2.0,2.8,61.0,88.38
7.3,7.1,55.0,1.9,2.5,53.0,88.56
7.3,7.1,57.0,2.0,2.4,50.0,94.18
6.6,7.1,114.0,2.6,2.8,3108.0,82.75999999999999
7.3,5.6,56.0,1.8,2.1,34.0,77.68
5.1,7.0,105.0,3.6,4.7,780.0,72.46000000000001
7.3,7.1,51.0,1.6,2.4,40.0,94.18
7.7,7.2,50.0,1.6,2.0,36.0,94.18
7.6,7.3,115.0,2.1,3.7,528.0,82.75999999999999
6.2,7.0,81.0,2.4,5.1,79.0,88.38
7.2,7.1,66.0,1.9,3.4,63.0,88.56
7.4,7.1,57.0,1.5,2.9,40.0,94.18
7.5,7.4,144.0,1.7,3.5,59.0,88.38
7.1,7.1,63.0,1.9,5.6,48.0,94.18
7.3,7.2,65.0,1.9,3.3,48.0,94.18
7.3,7.3,65.0,2.0,3.0,54.0,88.56
1.5,6.9,345.0,33.9,16.9,34251.0,30.040000000000003
3.9,7.1,233.0,17.0,10.5,22223.0,44.94
7.2,7.0,66.0,1.9,3.7,60.0,88.56
7.7,7.2,62.0,1.6,3.0,59.0,88.56
7.3,6.9,61.0,2.2,2.0,52.0,85.26
1.2,7.1,380.0,45.7,15.6,94083.0,33.339999999999996
3.2,7.1,258.0,23.5,10.3,54083.0,44.94
7.2,7.2,124.0,6.9,4.5,552.0,73.4
7.2,7.1,65.0,2.1,2.4,120.0,88.56
7.5,7.3,64.0,1.9,3.3,42.0,94.18
7.6,7.3,65.0,1.9,3.8,43.0,94.18
7.2,7.3,275.0,1.5,0.1,68.0,88.02
6.2,7.8,165.0,2.1,0.0,340.0,88.2
6.4,7.8,158.0,4.1,0.5,500.0,83.52000000000001
6.6,7.9,210.0,4.2,1.9,572.0,77.9
7.3,7.9,693.0,0.5,1.0,173.0,87.66
5.3,7.8,817.0,2.8,1.0,23.0,87.66000000000001
5.6,7.5,41.0,2.0,0.08,13410.0,66.08000000000001
5.5,6.7,209.0,0.8,0.17,2915.0,70.36
5.5,7.1,123.0,1.5,0.09,6264.0,77.14000000000001
5.3,7.3,182.0,1.5,0.08,3080.0,76.96000000000001
6.0,7.6,100.0,1.2,0.17,6086.0,82.75999999999999
5.7,6.9,111.0,1.0,0.14,3061.0,73.84
6.4,7.1,140.0,1.1,0.1,7908.0,82.75999999999999
6.2,7.8,44.0,2.0,0.06,9320.0,82.94
6.1,7.6,43.0,1.8,0.06,9554.0,82.94
7.0,6.9,64.0,1.1,0.09,2841.0,79.64000000000001
6.6,6.5,62.0,1.0,0.14,7190.0,73.04
7.0,6.8,304.0,2.0,0.49,23867.0,67.5
7.0,7.0,55.0,1.2,0.66,2813.0,82.94
6.3,7.6,213.0,1.5,0.06,7069.0,82.58000000000001
6.7,6.8,83.0,1.2,0.17,3559.0,79.46000000000001
7.1,6.6,76.0,1.0,0.12,3527.0,72.86000000000001
6.7,6.6,107.0,1.3,0.22,3757.0,72.86000000000001
7.2,6.7,89.0,0.9,0.06,1996.0,76.16
4.2,6.7,192.0,2.0,0.16,9286.0,64.74000000000001
6.3,6.6,79.0,1.6,0.19,6054.0,72.86000000000001
5.6,7.7,142.0,1.7,0.14,3644.0,77.14000000000001
2.8,6.4,424.0,3.2,0.35,21036.0,21.520000000000003
5.2,7.1,306.0,2.6,0.34,1525.0,76.42000000000002
5.6,7.7,40.0,1.5,0.07,7130.0,77.32000000000002
5.5,7.7,40.0,1.5,0.08,12282.0,66.08000000000001
6.9,6.7,63.0,0.9,0.21,1132.0,76.34
6.3,7.6,227.0,1.7,0.08,3612.0,82.4
7.1,6.6,68.0,1.1,0.13,8167.0,73.04
6.9,7.7,121.0,3.3,1.0,163.0,83.7
7.2,8.2,112.0,3.3,1.0,94.0,83.7
6.9,7.7,103.0,3.7,0.57,103.0,83.7
6.9,7.6,104.0,3.5,0.75,79.0,83.7
6.3,8.3,408.0,2.7,1.58,157.0,87.66
6.7,7.8,105.0,3.6,1.0,89.0,83.7
6.3,7.6,209.0,4.4,1.86,98.0,83.52000000000001
7.3,7.7,86.0,3.2,1.0,93.0,83.7
6.3,8.3,999.0,3.3,1.78,112.0,82.98
7.2,7.7,125.0,3.3,1.0,89.0,83.7
7.1,7.5,127.0,3.4,4.4,63.0,83.7
7.2,7.6,127.0,3.2,1.0,51.0,83.7
7.0,7.6,126.0,3.3,1.0,63.0,83.7
7.2,7.6,126.0,3.4,1.89,64.0,83.7
7.1,7.8,112.0,3.2,0.63,88.0,83.7
6.8,7.4,174.0,3.7,2.26,124.0,83.52000000000001
6.8,8.1,167.0,3.8,1.0,85.0,83.52000000000001
6.8,8.0,173.0,3.5,1.0,98.0,83.52000000000001
7.0,8.0,168.0,3.6,1.0,83.0,83.52000000000001
6.9,7.9,131.0,3.5,0.75,96.0,83.7
7.0,7.6,125.0,3.5,0.6,63.0,83.7
7.2,7.5,132.0,3.3,0.9,88.0,83.7
7.2,7.7,119.0,3.3,1.0,68.0,83.7
6.9,7.5,159.0,2.8,1.0,82.0,88.2
6.7,7.7,141.0,3.3,3.0,90.0,83.7
7.3,7.7,132.0,2.9,2.0,88.0,88.38
6.4,7.3,76.0,1.7,0.62,788.0,82.75999999999999
6.0,7.1,85.0,1.7,0.53,538.0,82.75999999999999
6.3,7.1,69.0,1.3,0.57,593.0,82.94
6.5,7.3,76.0,1.6,0.55,545.0,82.75999999999999
6.7,6.6,60.0,1.2,0.34,435.0,78.66000000000001
6.7,7.3,51.0,0.8,0.35,1567.0,82.94
6.9,7.7,107.0,0.7,0.46,443.0,88.38
6.7,7.9,173.0,0.9,0.56,426.0,88.2
5.6,6.9,126.0,1.2,0.67,990.0,73.84
7.3,7.4,70.0,0.8,0.31,4208.0,82.94
7.1,7.4,80.0,0.6,0.5,2831.0,82.75999999999999
7.2,6.9,62.0,1.3,0.11,150.0,85.26
6.4,7.2,120.0,1.9,0.77,618.0,82.75999999999999
6.6,6.9,77.0,1.6,0.29,756.0,79.46000000000001
6.8,7.0,72.0,1.7,0.2,785.0,82.94
2.9,6.7,305.0,2.2,1.28,1623.0,47.34
3.0,6.6,86.0,2.0,0.39,1319.0,56.00000000000001
6.7,7.1,79.0,1.6,0.34,738.0,82.75999999999999
6.9,7.4,112.0,0.5,0.35,67.0,88.38
7.0,6.9,51.0,1.1,0.18,317.0,85.26
7.0,7.1,30.0,0.5,0.32,496.0,88.56
6.1,7.0,59.0,1.8,0.58,282.0,88.56
6.0,6.4,61.0,2.1,0.28,300.0,72.06
6.3,7.0,105.0,2.8,0.37,543.0,82.75999999999999
6.9,8.1,502.0,0.9,0.72,615.0,82.03999999999999
7.8,6.8,49.0,1.4,0.3,319.0,85.26
7.1,7.4,380.0,1.0,0.14,66382.0,70.8
7.3,7.2,67.0,0.9,0.38,3471.0,82.94
6.2,7.2,51.0,0.8,0.23,942.0,82.94
7.2,6.8,69.0,1.2,0.45,941.0,79.64000000000001
6.9,6.7,75.0,2.5,0.4,701.0,76.34
6.3,7.4,113.0,0.6,0.88,128.0,88.38
7.6,6.8,79.0,1.6,0.31,109.0,85.08
7.0,7.2,57.0,0.6,0.46,3558.0,82.94
6.8,7.2,105.0,0.6,0.39,2392.0,82.75999999999999
6.6,7.3,45.0,0.6,0.39,940.0,82.94
6.9,7.2,42.0,0.5,0.18,774.0,82.94
6.0,7.3,92.0,1.7,0.56,597.0,82.75999999999999
6.1,7.2,59.0,0.7,1.04,311.0,88.56
4.2,7.0,69.0,0.6,1.04,420.0,77.32000000000001
7.3,7.0,34.0,1.0,0.27,927.0,82.94
6.3,7.0,44.0,1.6,0.32,1876.0,82.94
6.4,7.2,49.0,1.4,0.23,1357.0,82.94
4.6,7.0,65.0,1.7,0.28,1937.0,71.7
6.5,7.0,42.0,1.4,1.0,1221.0,82.94
6.4,6.4,45.0,1.2,1.0,376.0,72.06
6.0,6.1,56.0,1.2,0.0,438.0,72.06
5.3,6.8,99.0,2.8,0.79,523.0,73.84
6.9,6.7,66.0,1.8,0.0,205.0,81.96000000000001
6.0,6.6,67.0,1.5,3.69,398.0,78.66000000000001
7.1,7.5,46.0,0.8,1.0,1097.0,82.94
6.0,7.3,432.0,1.2,3.0,78.0,87.66
6.1,7.7,328.0,1.2,1.0,211.0,87.66
5.8,7.8,707.0,0.6,0.85,1100.0,76.42000000000002
6.1,8.0,674.0,0.9,1.0,1260.0,82.03999999999999
7.3,7.3,164.0,2.3,1.0,336.0,88.2
7.6,7.4,122.0,2.4,1.0,834.0,82.75999999999999
6.5,7.1,95.0,1.0,0.0,212.0,88.38
6.5,7.1,56.0,1.0,0.0,79.0,88.56
7.5,7.8,237.0,1.4,0.89,18918.0,71.16
7.3,7.5,82.0,1.2,1.58,17512.0,71.52
7.5,8.0,202.0,1.4,1.89,23191.0,71.34
7.3,7.9,232.0,2.9,2.23,30836.0,71.16
7.4,7.9,246.0,2.3,1.9,3900.0,82.4
7.2,7.8,201.0,1.3,1.59,31034.0,71.34
7.3,8.0,221.0,1.2,2.26,5289.0,82.58000000000001
7.2,6.5,73.0,3.1,0.0,59.0,73.98
6.7,6.3,98.0,3.3,1.5,74.0,67.2
6.3,6.5,143.0,4.0,4.0,124.0,73.8
6.6,6.9,260.0,5.4,1.0,53.0,80.04
7.1,6.3,71.0,3.5,1.0,82.0,67.38000000000001
6.9,6.3,65.0,3.5,0.0,52.0,67.38000000000001
7.3,7.1,607.0,3.6,0.88,104.0,82.98
6.1,7.0,446.0,5.2,0.56,77.0,82.98
6.9,6.4,94.0,3.2,1.59,65.0,67.2
6.8,6.8,451.0,9.4,0.55,58.0,75.0
6.0,6.6,169.0,3.9,2.0,84.0,73.62
6.5,6.7,187.0,3.3,3.0,113.0,76.92
5.5,7.2,636.0,9.7,4.0,4975.0,67.06
5.3,7.2,689.0,11.3,4.0,6025.0,67.06
5.3,7.4,852.0,13.0,4.0,26750.0,55.82
4.9,7.5,977.0,16.5,5.0,30500.0,50.199999999999996
5.1,7.3,971.0,14.8,5.0,8425.0,67.06
4.8,7.6,295.0,0.8,0.0,9.0,82.4
7.1,7.5,293.0,1.3,0.0,19.0,93.64
7.1,7.5,316.0,1.4,0.0,22.0,93.28
6.6,7.5,274.0,1.6,0.0,24.0,93.64
4.9,7.4,407.0,16.3,0.0,120.0,67.06
4.9,8.3,603.0,1.0,0.0,5.0,87.66
5.5,7.4,138.0,0.8,0.0,6.0,88.38000000000001
5.5,8.1,625.0,1.1,0.0,6.0,87.66000000000001
5.0,7.3,305.0,1.7,0.0,12.0,82.04
5.6,8.1,552.0,1.1,0.0,6.0,87.66000000000001
7.3,7.3,402.0,2.1,0.0,32.0,93.28
7.2,7.3,99.0,2.2,1.0,57.0,88.38
7.2,7.4,102.0,2.2,1.0,56.0,88.38
7.6,7.2,72.0,1.8,2.56,57.0,88.56
7.1,7.5,131.0,2.2,3.2,413.0,88.38
5.2,2.9,682.0,7.8,1.5,30.0,61.800000000000004
7.3,7.1,47.0,1.3,2.0,48.0,94.18
7.6,7.2,52.0,1.2,2.0,36.0,94.18
8.0,6.9,64.0,1.8,3.38,49.0,90.88000000000001
7.9,7.3,46.0,1.4,1.0,29.0,94.18
7.4,7.2,53.0,1.9,3.0,32.0,94.18
7.7,7.2,55.0,1.6,3.0,63.0,88.56
7.1,6.5,237.0,3.8,4.56,1072.0,67.82
7.8,7.2,50.0,1.6,1.77,41.0,94.18
7.3,7.3,71.0,2.0,2.66,47.0,94.18
7.3,7.0,91.0,1.8,3.3,45.0,94.0
7.4,7.1,49.0,1.7,2.44,42.0,94.18
6.5,7.1,99.0,2.7,3.56,2722.0,82.75999999999999
7.5,5.7,50.0,1.5,2.21,23.0,77.68
5.8,6.9,68.0,3.1,4.9,463.0,74.96000000000001
6.9,7.2,44.0,1.4,2.66,33.0,94.18
7.8,7.3,93.0,1.9,2.99,444.0,88.38
6.6,7.0,66.0,2.3,4.0,63.0,88.56
7.6,7.1,53.0,1.7,3.0,53.0,88.56
7.8,7.0,47.0,1.4,2.0,35.0,94.18
7.7,7.4,128.0,1.6,3.32,56.0,88.38
7.1,7.0,54.0,1.8,2.58,43.0,94.18
7.4,7.0,69.0,1.6,3.3,87.0,88.56
7.5,7.2,58.0,1.6,2.25,46.0,94.18
3.1,7.2,401.0,21.8,19.0,31444.0,44.58
4.7,7.2,202.0,13.6,15.0,20056.0,50.739999999999995
2.1,7.2,303.0,37.2,18.2,62333.0,33.339999999999996
1.8,7.2,394.0,40.6,15.4,96944.0,33.339999999999996
7.2,6.9,55.0,1.7,3.04,56.0,85.26
7.9,7.1,55.0,1.2,3.55,50.0,94.18
6.9,6.9,52.0,2.2,3.48,45.0,90.88000000000001
1.9,7.0,306.0,34.2,17.9,85667.0,33.339999999999996
4.5,7.1,196.0,15.5,11.0,43333.0,50.739999999999995
7.2,7.1,107.0,6.7,5.56,476.0,79.02
7.5,7.0,82.0,2.1,3.02,122.0,88.38
6.6,7.7,165.0,1.7,0.0,325.0,88.2
6.7,7.8,167.0,4.8,1.0,520.0,77.9
6.6,7.7,183.0,3.7,1.55,575.0,77.9
7.2,7.4,319.0,0.7,0.18,10.0,93.28
6.2,8.4,894.0,9.0,0.38,350.0,78.3
5.9,7.2,52.0,2.1,0.08,90.0,82.94000000000001
6.1,6.8,408.0,1.3,0.17,3808.0,78.74000000000001
5.5,6.9,143.0,1.3,0.09,11113.0,62.60000000000001
5.4,7.2,60.0,1.5,0.08,2309.0,77.32000000000002
5.8,7.2,34.0,5.3,0.17,3322.0,72.64
5.9,6.7,125.0,1.5,0.14,5793.0,70.53999999999999
6.4,6.7,175.0,1.3,0.1,3636.0,75.98000000000002
6.2,7.7,39.0,1.3,0.06,4517.0,82.94
6.1,7.8,39.0,1.5,0.06,5840.0,82.94
7.3,6.9,61.0,0.7,0.09,4388.0,79.64000000000001
6.8,6.6,71.0,1.5,0.14,3949.0,73.04
7.4,6.5,129.0,2.3,0.49,16691.0,61.620000000000005
7.0,6.8,503.0,1.6,0.66,2404.0,78.74000000000001
6.3,7.5,31.0,1.6,0.06,4267.0,82.94
7.1,6.8,70.0,0.8,0.17,3567.0,79.64000000000001
7.3,6.8,69.0,1.2,0.12,2446.0,79.64000000000001
6.7,6.6,118.0,1.0,0.22,3496.0,72.86000000000001
7.4,6.8,80.0,1.3,0.06,1404.0,79.46000000000001
4.5,6.6,250.0,2.4,0.16,5889.0,61.260000000000005
6.1,6.9,74.0,1.8,0.19,3937.0,79.64000000000001
5.9,7.3,44.0,1.6,0.14,2794.0,77.32000000000002
2.4,6.5,195.0,4.8,0.35,14217.0,28.660000000000004
4.0,6.8,207.0,1.8,0.34,2280.0,62.42
5.4,7.6,40.0,1.6,0.07,1330.0,77.32000000000002
5.3,7.6,41.0,1.4,0.08,2517.0,77.32000000000002
7.0,6.9,54.0,0.8,0.21,3059.0,79.64000000000001
5.9,7.7,44.0,2.1,0.08,831.0,77.32000000000002
7.1,6.5,60.0,1.7,0.13,8163.0,73.04
6.9,7.7,99.0,3.3,0.56,123.0,83.7
6.6,7.9,123.0,3.2,0.52,104.0,83.7
6.6,7.7,220.0,3.6,0.65,77.0,83.52000000000001
6.8,7.7,219.0,3.4,0.63,75.0,83.52000000000001
6.4,8.0,493.0,4.2,3.91,68.0,82.98
6.8,7.6,100.0,3.0,0.54,295.0,88.38
6.7,7.5,316.0,4.6,0.6,132.0,82.98
6.9,7.7,84.0,3.1,0.42,168.0,83.7
6.9,7.9,312.0,2.7,1.58,107.0,87.66
6.8,7.5,146.0,3.0,0.6,241.0,88.38
6.7,7.3,127.0,2.9,0.59,209.0,88.38
5.6,6.9,432.0,4.5,1.72,173.0,74.06
6.5,7.3,126.0,3.0,0.59,284.0,88.38
7.1,7.5,128.0,3.0,0.6,297.0,88.38
6.4,7.3,129.0,3.1,0.6,191.0,83.7
6.9,7.7,129.0,2.9,0.55,268.0,88.38
7.0,7.9,153.0,2.9,0.55,86.0,88.2
6.9,7.7,307.0,2.8,3.6,123.0,87.66
6.3,7.7,322.0,3.5,1.1,116.0,82.98
7.0,8.0,206.0,2.9,0.56,74.0,88.2
6.8,7.8,239.0,3.3,0.56,77.0,83.34
6.4,7.6,152.0,3.2,0.96,142.0,83.52000000000001
6.7,7.7,146.0,3.0,0.89,73.0,88.38
6.7,7.6,137.0,2.9,0.76,64.0,88.38
6.6,7.8,228.0,3.5,0.57,79.0,83.34
7.0,7.7,409.0,2.4,0.93,112.0,87.66
6.8,7.6,263.0,2.9,0.81,123.0,88.02
6.9,7.5,338.0,2.3,3.93,108.0,87.66
7.0,7.2,79.0,0.8,0.62,637.0,82.75999999999999
6.6,7.0,67.0,1.1,0.53,670.0,82.94
6.6,7.3,59.0,0.7,0.57,541.0,82.94
6.2,7.3,66.0,0.8,0.55,609.0,82.94
7.1,7.0,67.0,1.0,0.34,538.0,82.94
6.7,7.3,89.0,1.1,0.35,2025.0,82.75999999999999
6.2,7.3,136.0,1.0,0.46,676.0,82.75999999999999
7.1,8.1,212.0,0.9,0.56,992.0,82.58000000000001
6.3,6.3,134.0,1.2,0.67,780.0,66.25999999999999
7.3,7.2,76.0,0.6,0.31,893.0,82.75999999999999
6.8,7.1,75.0,0.8,0.5,1169.0,82.94
7.4,7.2,61.0,0.7,0.11,255.0,88.56
1.7,6.6,769.0,3.4,1.11,1717.0,39.36000000000001
6.6,7.2,92.0,0.8,0.77,660.0,82.75999999999999
6.0,6.7,95.0,1.2,0.29,680.0,76.16
6.6,6.8,78.0,1.0,0.2,626.0,79.46000000000001
0.6,6.7,268.0,4.1,1.28,1308.0,43.02000000000001
1.8,6.6,82.0,2.0,0.39,1410.0,44.760000000000005
7.1,7.2,61.0,1.0,0.34,608.0,82.94
6.6,8.0,310.0,1.1,0.54,783.0,82.03999999999999
7.0,7.1,97.0,0.8,0.35,77.0,88.38
7.3,7.0,51.0,0.7,0.18,258.0,88.56
7.0,7.4,55.0,0.9,0.32,1400.0,82.94
6.1,6.8,67.0,1.1,0.58,394.0,85.26
7.0,6.7,61.0,1.3,0.28,248.0,81.96000000000001
5.2,6.9,81.0,1.5,0.37,465.0,79.46000000000001
6.1,8.0,510.0,1.1,0.72,1572.0,82.03999999999999
7.9,7.2,50.0,1.1,0.3,845.0,82.94
7.5,6.9,34.0,0.9,0.14,256.0,85.26
7.0,7.4,72.0,1.0,0.38,897.0,82.94
7.3,7.3,99.0,0.9,0.23,1788.0,82.75999999999999
7.5,6.9,125.0,1.6,0.45,1400.0,79.46000000000001
6.8,6.9,116.0,1.7,0.4,1260.0,79.46000000000001
5.8,7.3,107.0,0.9,0.88,343.0,82.76
7.1,7.2,85.0,0.8,0.31,184.0,88.38
6.8,7.1,58.0,0.7,0.46,3460.0,82.94
6.7,7.1,58.0,1.2,0.39,1739.0,82.94
6.6,7.3,70.0,1.4,0.39,1875.0,82.94
7.0,7.3,60.0,0.8,0.18,1813.0,82.94
6.3,7.2,97.0,0.8,0.56,880.0,82.75999999999999
6.0,7.0,63.0,1.1,1.04,493.0,88.56
4.4,7.1,113.0,1.5,1.17,722.0,71.52000000000001
4.5,7.2,79.0,1.0,1.04,537.0,71.52000000000001
7.5,7.2,36.0,1.1,0.27,1134.0,82.94
6.8,7.0,59.0,1.3,0.32,2267.0,82.94
6.8,6.9,114.0,1.4,0.23,1785.0,79.46000000000001
4.9,6.7,88.0,2.2,0.28,2200.0,64.92000000000002
7.1,6.9,45.0,1.2,0.29,1636.0,79.64000000000001
6.9,6.6,56.0,1.1,0.3,542.0,73.04
6.5,6.3,49.0,1.0,0.22,323.0,72.06
4.9,6.6,169.0,2.1,0.76,1241.0,61.440000000000005
6.9,7.1,63.0,0.9,0.16,336.0,88.56
6.6,6.7,69.0,0.8,0.38,464.0,81.96000000000001
6.3,7.3,74.0,1.2,0.29,1813.0,82.94
6.0,7.6,429.0,1.1,1.1,362.0,87.66
6.0,7.8,308.0,1.1,1.47,343.0,87.66
5.8,7.4,505.0,0.6,0.73,1517.0,76.42000000000002
6.1,7.5,465.0,0.5,0.34,1458.0,82.03999999999999
6.4,7.1,183.0,2.3,0.62,398.0,88.2
7.1,7.4,135.0,1.9,0.72,995.0,82.75999999999999
7.8,7.9,213.0,1.5,0.35,15083.0,71.34
7.7,8.1,312.0,2.0,0.75,32017.0,70.8
6.9,7.6,99.0,1.6,1.39,5395.0,82.75999999999999
7.3,8.0,230.0,1.6,0.69,4348.0,82.4
6.8,8.1,264.0,2.6,1.16,5142.0,82.4
7.2,8.1,272.0,3.1,1.46,4586.0,77.72
8.0,8.3,312.0,1.4,0.73,4319.0,82.03999999999999
7.0,8.0,199.0,1.8,1.11,3573.0,82.58000000000001
7.2,8.1,201.0,1.6,0.36,2324.0,82.58000000000001
6.8,7.5,890.0,2.1,0.51,589.0,82.03999999999999
7.3,7.6,160.0,1.9,0.06,89.0,88.2
7.0,7.7,111.0,2.2,0.08,131.0,88.38
6.7,7.7,139.0,3.1,0.22,300.0,83.7
7.2,7.2,288.0,2.1,0.14,91.0,88.02
7.0,7.1,95.0,1.9,0.08,118.0,88.38
7.0,7.5,84.0,1.7,0.06,87.0,88.38
7.2,7.3,510.0,2.9,0.08,123.0,87.66
7.1,7.4,88.0,1.8,0.07,90.0,88.38
7.2,6.9,338.0,3.8,0.07,104.0,79.68
6.7,7.6,162.0,3.3,0.16,249.0,83.52000000000001
6.7,7.6,182.0,4.1,0.15,251.0,83.52000000000001
5.5,7.4,635.0,8.8,5.08,5500.0,67.06
5.3,7.3,636.0,9.9,5.0,10000.0,67.06
5.1,7.4,993.0,21.9,6.63,57750.0,55.82
5.3,7.5,632.0,13.5,5.08,34750.0,55.82
4.9,7.4,973.0,17.5,4.77,40667.0,50.199999999999996
4.8,7.4,904.0,26.0,8.6,55000.0,50.199999999999996
4.9,7.4,990.0,27.8,6.78,40500.0,50.199999999999996
5.2,7.4,914.0,20.5,6.18,29500.0,55.82
4.8,7.5,280.0,2.4,0.72,4.0,88.02000000000001
7.7,7.4,344.0,1.2,0.37,19.0,93.28
7.3,7.0,310.0,1.4,0.38,22.0,93.28
7.1,7.7,303.0,1.5,0.34,23.0,93.28
6.2,7.5,788.0,41.5,4.08,235.0,78.3
6.0,8.3,468.0,1.4,0.43,16.0,93.28
5.9,7.3,234.0,1.5,0.36,12.0,88.02000000000001
6.4,8.0,527.0,1.2,0.35,21.0,93.28
5.9,7.9,796.0,1.5,0.48,14.0,87.66000000000001
7.3,7.4,388.0,2.1,0.58,46.0,93.28
7.7,7.2,95.0,1.8,2.67,50.0,94.0
7.6,7.2,92.0,2.5,2.41,45.0,94.0
9.9,7.2,65.0,1.5,2.31,55.0,88.56
7.6,7.4,93.0,2.1,2.89,408.0,88.38
5.5,2.9,568.0,6.8,1.12,33.0,61.800000000000004
7.6,7.0,42.0,1.3,3.01,27.0,94.18
7.7,7.1,45.0,1.4,2.89,22.0,94.18
8.3,7.0,59.0,1.7,2.86,33.0,94.18
7.7,6.3,250.0,2.1,3.88,326.0,71.52
8.8,7.3,37.0,1.5,1.62,35.0,94.18
7.3,7.3,72.0,2.0,1.65,36.0,94.18
7.5,7.0,38.0,1.7,2.2,40.0,94.18
7.8,7.1,44.0,1.6,2.62,33.0,94.18
7.0,7.0,100.0,2.4,3.03,2600.0,82.75999999999999
7.5,6.3,52.0,1.7,0.82,21.0,77.68
6.4,6.9,61.0,2.6,3.88,538.0,79.64000000000001
7.5,7.1,39.0,1.4,2.88,22.0,94.18
8.0,7.1,41.0,1.4,3.35,25.0,94.18
7.9,7.3,93.0,1.7,5.02,418.0,88.38
7.5,6.9,69.0,1.9,4.92,49.0,90.88000000000001
7.9,7.2,46.0,1.7,2.72,45.0,94.18
8.0,7.2,42.0,1.4,2.47,31.0,94.18
7.7,7.1,101.0,1.5,3.42,43.0,94.0
7.2,7.1,49.0,1.6,2.86,40.0,94.18
8.2,7.1,49.0,1.2,2.81,32.0,94.18
7.8,7.1,58.0,1.5,2.97,43.0,94.18
3.9,7.1,235.0,16.9,16.61,23000.0,44.94
4.9,7.1,182.0,14.2,11.61,15500.0,50.739999999999995
2.7,7.1,281.0,35.4,14.84,62667.0,33.699999999999996
2.5,7.1,382.0,37.2,11.81,87167.0,33.339999999999996
8.0,7.0,48.0,1.4,3.8,41.0,94.18
8.4,7.1,48.0,1.2,3.08,45.0,94.18
6.8,6.6,49.0,1.9,3.07,38.0,84.28
2.1,7.0,286.0,45.6,10.61,84500.0,33.699999999999996
4.0,7.1,194.0,22.4,10.47,45250.0,45.12
7.7,7.2,107.0,6.6,3.02,425.0,79.02
7.6,7.1,51.0,2.0,2.6,81.0,88.56
7.7,7.1,46.0,1.6,3.93,22.0,94.18
7.7,7.1,49.0,1.9,3.89,26.0,94.18
6.5,7.4,297.0,1.0,0.13,438.0,88.02
6.3,7.5,287.0,0.9,0.14,204.0,88.02
6.5,7.2,375.0,1.1,0.17,625.0,82.03999999999999
6.9,6.9,349.0,1.1,0.18,503.0,78.74000000000001
6.4,8.0,155.0,3.9,0.5,516.0,77.9
6.5,8.0,168.0,4.2,0.99,616.0,77.9
7.1,7.3,212.0,1.4,0.84,6.0,93.82000000000001
6.7,8.0,304.0,1.5,0.18,3550.0,82.03999999999999
4.3,8.4,605.0,6.5,1.68,15.0,72.68
3.7,8.2,600.0,4.3,1.66,20.0,71.74000000000001
4.6,7.2,729.0,4.0,0.33,2300.0,66.12
6.8,6.5,43.0,1.1,0.42,178.0,78.66000000000001
6.6,7.0,59.0,1.1,0.27,113.0,88.56
6.0,6.2,106.0,1.5,0.28,166.0,71.88
5.9,6.6,516.0,1.1,0.18,169.0,72.14
7.3,6.1,87.0,0.9,0.33,169.0,71.88
7.3,5.9,74.0,1.5,0.22,163.0,72.06
6.7,6.3,127.0,2.0,0.44,149.0,71.88
6.8,6.2,226.0,1.6,0.18,151.0,71.52
7.1,5.9,93.0,1.8,0.28,131.0,71.88
7.4,6.2,76.0,1.3,0.41,133.0,71.88
7.3,6.2,113.0,1.2,0.33,137.0,71.88
7.3,5.9,100.0,1.3,0.27,173.0,71.88
6.0,5.9,273.0,1.8,0.31,171.0,71.52
6.1,6.5,201.0,2.0,0.43,149.0,78.30000000000001
6.2,6.3,245.0,1.8,0.31,135.0,71.52
7.0,6.5,75.0,0.9,0.22,166.0,78.66000000000001
7.3,6.0,74.0,1.6,0.11,181.0,72.06
7.1,7.9,108.0,3.3,0.42,137.0,83.7
7.0,8.0,129.0,3.5,0.49,105.0,83.7
7.0,8.0,130.0,3.3,0.46,93.0,83.7
5.9,7.6,462.0,4.9,2.47,63.0,77.36
7.0,7.7,107.0,3.8,0.4,285.0,83.7
6.2,7.4,299.0,5.1,0.95,401.0,83.34
7.2,7.9,77.0,3.2,0.42,282.0,83.7
6.8,7.8,350.0,2.6,1.99,72.0,87.66
6.9,7.5,133.0,3.2,0.55,409.0,83.7
6.9,7.5,143.0,3.4,0.54,307.0,83.7
6.1,6.9,609.0,4.2,3.1,135.0,79.68
6.8,7.4,129.0,3.2,0.86,133.0,83.7
6.7,7.4,130.0,3.2,0.75,124.0,83.7
6.6,7.4,130.0,5.0,0.74,158.0,83.7
6.7,7.5,120.0,3.6,0.73,226.0,83.7
7.1,7.9,139.0,3.2,0.45,147.0,83.7
6.7,7.7,274.0,2.3,2.04,88.0,88.02
6.3,7.9,326.0,2.5,2.32,71.0,87.66
7.0,8.3,162.0,3.8,0.48,90.0,83.52000000000001
7.0,8.3,212.0,3.6,0.44,90.0,83.52000000000001
7.1,8.3,227.0,3.2,0.48,124.0,83.34
6.8,8.2,314.0,4.3,0.45,69.0,82.98
6.8,7.8,151.0,3.4,0.5,740.0,77.9
7.0,7.8,123.0,3.4,0.44,100.0,83.7
6.9,7.8,139.0,3.3,0.76,169.0,83.7
6.8,8.2,313.0,4.0,0.49,99.0,82.98
6.7,7.8,215.0,2.5,0.83,51.0,88.2
6.7,7.8,204.0,2.5,0.77,68.0,88.2
6.9,7.7,205.0,2.2,0.93,55.0,88.2
7.1,6.9,72.0,0.5,0.25,641.0,79.64000000000001
6.6,6.9,70.0,0.9,0.49,495.0,85.26
6.9,7.1,52.0,0.8,0.18,520.0,82.94
7.2,7.0,830.0,0.8,0.16,654.0,82.03999999999999
6.3,6.9,95.0,1.3,0.99,1325.0,79.46000000000001
7.2,7.4,164.0,0.9,0.46,2225.0,82.58000000000001
6.9,7.5,231.0,0.8,0.55,1725.0,82.4
6.5,6.9,101.0,1.3,0.47,1127.0,79.46000000000001
7.1,7.1,64.0,0.6,0.4,646.0,82.94
7.5,7.2,52.0,0.6,0.15,900.0,82.94
2.0,6.8,265.0,2.4,2.3,5425.0,51.0
7.1,7.0,90.0,0.6,0.64,625.0,82.75999999999999
6.1,7.0,248.0,0.8,0.66,1150.0,82.4
6.0,7.0,94.0,1.1,0.13,370.0,88.38
6.5,7.5,76.0,0.8,0.08,585.0,82.75999999999999
1.5,6.6,192.0,3.6,0.92,2978.0,39.900000000000006
2.0,6.8,79.0,2.4,0.2,1275.0,51.36
7.2,7.1,52.0,0.6,0.15,687.0,82.94
7.2,7.3,54.0,0.9,0.25,610.0,82.94
6.4,6.5,58.0,1.3,0.34,960.0,73.04
6.3,6.8,77.0,1.2,0.16,208.0,85.08
5.4,6.6,80.0,1.6,0.27,775.0,67.24000000000001
5.8,7.8,666.0,1.0,0.24,1650.0,76.42000000000002
7.7,7.2,44.0,1.0,0.28,148.0,88.56
7.1,7.0,27.0,0.4,0.11,218.0,88.56
7.3,7.2,59.0,0.6,0.19,465.0,88.56
7.8,7.1,119.0,0.7,0.87,1725.0,82.75999999999999
7.3,7.1,54.0,1.3,0.41,913.0,82.94
7.0,6.6,104.0,1.5,0.49,1000.0,72.86000000000001
6.0,7.2,92.0,0.7,0.38,1390.0,82.75999999999999
6.8,6.6,48.0,0.5,0.44,2025.0,73.04
7.0,7.0,56.0,1.1,0.43,1725.0,82.94
7.3,7.2,62.0,0.8,0.95,985.0,82.94
7.6,7.2,59.0,0.6,0.65,1163.0,82.94
6.4,6.8,83.0,0.5,0.42,575.0,79.46000000000001
7.0,6.6,50.0,0.6,0.75,578.0,73.04
6.7,6.8,76.0,1.2,1.21,625.0,79.46000000000001
6.7,6.6,64.0,0.9,1.35,838.0,73.04
5.6,6.9,943.0,1.5,0.4,1925.0,73.12
7.4,7.0,38.0,0.9,0.26,1196.0,82.94
6.7,6.9,43.0,1.0,0.3,2750.0,79.64000000000001
7.1,7.3,48.0,1.5,0.36,1775.0,82.94
6.2,6.8,309.0,1.6,0.39,2725.0,78.74000000000001
5.2,6.8,61.0,1.8,0.33,2650.0,74.02000000000001
6.8,6.9,995.0,1.1,0.24,1258.0,78.74000000000001
6.8,6.9,52.0,0.9,0.45,198.0,85.26
6.2,6.6,44.0,0.7,0.21,1630.0,73.04
4.5,6.5,77.0,1.1,0.34,2675.0,61.620000000000005
7.0,7.4,69.0,1.0,0.12,660.0,82.94
6.5,6.8,58.0,0.5,0.24,1026.0,79.64000000000001
4.6,6.9,98.0,0.6,0.11,348.0,73.84
7.1,7.0,51.0,1.0,0.78,1700.0,82.94
6.2,7.5,371.0,1.1,1.62,528.0,82.03999999999999
6.2,7.7,316.0,1.3,2.41,312.0,87.66
7.3,7.1,241.0,2.9,1.17,185.0,88.02
7.7,7.4,121.0,1.4,0.64,1255.0,82.75999999999999
6.5,7.3,64.0,1.0,2.6,420.0,88.56
6.9,7.4,57.0,1.0,1.28,409.0,88.56
7.5,8.0,211.0,1.9,0.39,6858.0,82.58000000000001
7.2,8.0,263.0,3.7,0.63,14725.0,66.48
7.0,7.6,111.0,1.6,0.67,2743.0,82.75999999999999
7.5,7.9,205.0,1.5,1.0,3542.0,82.58000000000001
7.1,7.7,283.0,2.3,1.73,6692.0,82.4
7.4,8.0,263.0,1.7,0.65,6617.0,82.4
8.1,8.0,300.0,2.3,0.45,4569.0,82.4
7.4,8.0,207.0,1.5,0.53,2872.0,82.58000000000001
7.2,8.0,198.0,1.4,0.57,1850.0,82.58000000000001
6.3,7.6,830.0,1.8,0.24,2020.0,82.03999999999999
5.8,7.2,732.0,8.5,3.83,4838.0,67.06
5.4,7.3,809.0,10.0,4.2,8975.0,67.06
5.7,7.5,906.0,24.0,14.18,17625.0,55.82
4.8,7.9,650.0,3.2,0.68,62.0,71.74
5.0,7.3,390.0,2.8,0.14,20.0,82.04
8.3,7.6,334.0,1.0,0.49,16.0,93.28
8.2,7.7,316.0,1.2,0.48,20.0,93.28
8.3,7.6,304.0,1.2,0.51,20.0,93.28
5.5,7.6,743.0,7.6,1.02,166.0,72.68
5.1,7.8,657.0,1.7,0.26,23.0,87.66000000000001
7.8,7.2,139.0,1.9,0.56,359.0,88.38
6.5,3.1,489.0,6.1,0.52,47.0,67.42
7.3,7.0,162.0,2.2,0.69,2633.0,82.58000000000001
7.8,7.1,136.0,1.9,0.52,409.0,88.38
7.7,7.1,205.0,7.0,0.84,461.0,78.84
8.1,7.1,267.0,1.0,0.11,12.0,93.64
8.0,7.0,278.0,1.1,0.11,18.0,93.64
6.9,7.2,268.0,1.1,0.11,37.0,93.64
6.8,7.1,286.0,1.3,0.11,29.0,93.64
6.3,8.0,164.0,3.4,0.3,528.0,77.9
6.6,7.9,196.0,4.4,0.8,648.0,77.9
5.1,8.1,533.0,3.7,0.45,7500.0,71.74000000000001
7.1,8.0,555.0,2.0,0.35,15000.0,70.8
8.1,7.6,938.0,8.6,0.4,108.0,78.3
3.2,7.7,885.0,6.3,0.51,9575.0,55.82
6.6,6.5,58.0,1.8,0.87,53.0,78.66000000000001
6.6,6.6,145.0,1.5,0.65,98.0,78.48
6.3,6.6,55.0,1.8,0.36,140.0,78.66000000000001
6.4,6.4,188.0,2.0,0.44,153.0,71.7
6.9,6.2,61.0,1.7,1.07,117.0,72.06
7.2,6.1,62.0,2.6,0.92,123.0,72.06
6.9,6.6,154.0,1.9,0.83,173.0,78.30000000000001
7.0,6.3,742.0,1.6,0.42,139.0,71.16
7.6,6.2,62.0,1.1,0.38,160.0,72.06
7.1,6.2,69.0,1.4,0.56,141.0,72.06
6.8,6.0,93.0,1.9,0.75,136.0,71.88
7.1,6.2,89.0,1.4,0.68,119.0,71.88
6.3,6.2,110.0,1.5,0.59,157.0,71.88
6.2,7.0,77.0,1.8,0.46,173.0,88.38
6.2,6.8,67.0,1.7,0.61,145.0,85.26
6.9,6.5,62.0,1.4,0.6,107.0,78.66000000000001
6.7,6.2,62.0,0.9,0.57,187.0,72.06
6.8,7.9,119.0,3.5,0.58,517.0,78.08000000000001
7.0,7.7,88.0,3.2,0.13,17.0,89.32000000000001
5.5,8.1,363.0,8.4,2.15,69.0,72.68
6.9,7.5,86.0,3.6,0.4,582.0,78.08000000000001
6.4,7.4,621.0,37.8,1.79,728.0,72.68
6.9,7.4,73.0,3.5,0.27,659.0,78.26000000000002
7.4,8.1,254.0,2.2,0.15,75.0,88.02
6.7,7.4,125.0,3.7,0.4,820.0,78.08000000000001
6.6,7.5,129.0,3.9,0.4,381.0,83.7
6.1,7.3,515.0,5.1,2.02,212.0,82.98
6.6,7.4,122.0,3.6,0.46,361.0,83.7
6.5,7.3,131.0,3.8,0.79,261.0,83.7
6.7,7.3,130.0,3.4,0.57,318.0,83.7
6.6,7.4,95.0,3.7,0.53,217.0,83.7
6.8,7.7,143.0,3.6,0.43,109.0,83.7
7.1,7.4,185.0,2.2,0.63,80.0,88.2
6.6,7.5,185.0,2.4,0.3,113.0,88.2
7.1,7.7,193.0,3.1,0.53,92.0,83.52000000000001
7.1,7.9,175.0,3.1,0.47,86.0,83.52000000000001
7.1,7.8,174.0,3.3,0.44,83.0,83.52000000000001
6.4,7.7,153.0,3.6,0.77,592.0,77.9
7.0,7.7,111.0,3.4,0.42,359.0,83.7
6.6,7.6,209.0,3.4,0.68,243.0,83.52000000000001
6.9,7.5,119.0,2.2,0.42,71.0,88.38
6.8,7.7,116.0,2.3,1.33,74.0,88.38
7.0,7.7,118.0,2.1,0.5,64.0,88.38
5.2,6.6,453.0,1.5,0.38,4613.0,66.52000000000001
7.2,6.8,35.0,1.1,0.24,3483.0,79.64000000000001
7.0,7.1,62.0,0.5,0.44,617.0,82.94
7.2,7.0,51.0,0.6,0.26,522.0,82.94
6.7,6.9,62.0,1.2,0.46,2193.0,79.64000000000001
6.5,6.5,118.0,1.1,0.52,3080.0,72.86000000000001
6.6,6.8,49.0,0.9,0.56,913.0,79.64000000000001
6.8,7.3,67.0,0.6,0.4,935.0,82.94
7.3,7.4,104.0,0.6,0.44,430.0,88.38
6.5,6.7,39.0,1.2,0.26,4823.0,76.34
7.2,6.5,45.0,0.9,0.46,1825.0,73.04
7.4,6.9,65.0,0.9,0.56,1455.0,79.64000000000001
6.5,6.5,60.0,1.0,1.62,900.0,73.04
6.6,6.9,57.0,0.9,0.37,650.0,79.64000000000001
7.1,7.0,84.0,1.0,0.66,1485.0,82.75999999999999
7.5,6.8,56.0,1.3,0.6,540.0,79.64000000000001
5.4,6.7,100.0,0.9,0.42,810.0,70.53999999999999
7.0,6.9,66.0,0.7,0.45,900.0,79.64000000000001
7.1,6.9,75.0,0.6,0.73,583.0,79.64000000000001
6.5,6.7,70.0,0.9,1.25,800.0,76.34
6.7,6.6,102.0,0.8,0.12,900.0,72.86000000000001
7.1,6.8,27.0,0.6,0.22,198.0,85.26
6.9,7.1,46.0,0.5,0.33,373.0,88.56
7.5,7.3,53.0,0.8,0.31,2225.0,82.94
7.6,7.3,62.0,1.0,0.63,2180.0,82.94
2.2,6.4,625.0,2.3,1.29,6505.0,37.440000000000005
7.4,6.7,55.0,0.7,0.51,1088.0,76.34
7.0,6.8,103.0,0.7,0.43,640.0,79.46000000000001
5.3,6.9,109.0,1.3,0.66,685.0,73.84
6.7,7.0,71.0,0.5,0.29,433.0,88.56
6.0,6.4,57.0,1.4,0.61,303.0,72.06
4.2,6.6,93.0,1.7,0.56,385.0,67.24000000000001
5.1,6.7,88.0,1.9,0.63,713.0,70.53999999999999
6.9,7.0,84.0,0.9,0.08,803.0,82.75999999999999
6.5,5.8,67.0,0.4,0.54,520.0,66.44
6.9,6.1,86.0,0.6,0.49,183.0,71.88
7.0,6.6,59.0,0.8,0.42,418.0,78.66000000000001
6.8,6.0,55.0,0.5,0.25,910.0,66.44
6.0,5.9,105.0,1.0,0.63,195.0,71.88
6.5,7.6,312.0,1.1,2.41,354.0,87.66
6.4,7.7,203.0,1.1,3.34,357.0,88.2
7.3,7.3,308.0,4.2,2.43,185.0,82.98
7.5,8.1,228.0,2.1,0.4,5850.0,82.4
7.7,8.1,243.0,1.6,0.71,4450.0,82.4
7.6,7.9,191.0,1.4,0.13,1985.0,82.58000000000001
7.5,7.9,237.0,1.8,0.45,2425.0,82.4
7.4,7.7,865.0,1.9,0.3,2675.0,82.03999999999999
6.7,6.9,132.0,1.2,0.32,1823.0,79.46000000000001
7.1,7.9,211.0,1.4,0.48,2098.0,82.58000000000001
6.7,7.9,182.0,1.1,0.24,1510.0,82.58000000000001
7.4,7.0,75.0,1.6,0.05,118.0,88.56
7.2,6.8,70.0,1.8,0.09,148.0,85.26
6.6,7.0,119.0,2.5,0.33,374.0,88.38
6.9,7.0,236.0,1.9,0.25,157.0,88.02
7.0,6.9,73.0,1.7,0.4,144.0,85.26
7.2,6.9,75.0,1.5,0.2,128.0,85.26
6.9,7.2,385.0,2.3,0.13,196.0,87.66
6.4,7.6,860.0,3.3,0.4,379.0,82.98
7.6,6.6,166.0,2.0,1.8,140.0,78.30000000000001
6.9,7.2,308.0,1.9,0.49,170.0,87.66
6.8,6.7,247.0,2.1,1.84,500.0,81.42
6.6,6.9,359.0,2.3,0.59,280.0,84.36
5.6,6.7,807.0,10.8,2.0,7500.0,60.46
4.9,6.6,834.0,13.1,2.6,9500.0,51.540000000000006
3.3,7.9,897.0,1.3,0.97,12.0,76.42
4.9,8.0,510.0,1.2,0.35,8.0,82.04
4.7,6.7,906.0,25.3,7.7,47500.0,43.6
5.4,6.8,883.0,15.4,5.1,21750.0,52.52
4.8,6.6,905.0,15.0,3.3,10500.0,40.300000000000004
5.2,7.3,465.0,0.9,0.59,9.0,87.66000000000001
7.8,8.2,410.0,1.2,0.1,32.0,93.28
6.7,8.12,396.0,1.53,0.15,29.0,93.28
8.0,8.1,403.0,0.8,0.1,25.0,93.28
7.85,7.13,254.0,6.68,3.35,488.0,78.66
6.58,6.5,655.0,5.93,4.0,60.0,73.08
7.58,7.03,191.0,2.08,2.65,2900.0,82.58000000000001
8.23,7.05,137.0,1.4,3.2,323.0,88.38
8.23,7.38,143.0,1.55,3.55,360.0,88.38
6.2,7.7,176.0,3.5,0.2,592.0,77.9
6.3,8.0,198.0,4.2,0.3,686.0,77.9
7.3,7.4,332.0,0.7,0.3,12.0,93.28
6.2,7.4,368.0,8.0,3.2,1075.0,72.68
6.7,7.7,354.0,4.0,2.6,947.0,77.36000000000001
6.8,8.0,374.0,21.0,1.5,1800.0,72.68
7.3,7.4,332.0,0.7,0.3,12.0,93.28
5.7,8.0,601.0,7.4,0.5,28666.0,55.82
4.7,8.3,753.0,3.7,0.5,21333.0,54.879999999999995
4.2,8.2,901.0,6.7,0.4,21500.0,50.199999999999996
5.5,7.8,401.0,1.3,0.21,5.0,93.28
7.8,6.4,609.0,2.3,0.08,70.0,71.16
6.5,6.4,505.0,1.6,0.13,13.0,76.78
6.6,7.2,692.0,1.9,0.34,175.0,87.66
6.9,7.6,136.0,3.8,0.26,309.0,83.7
6.9,7.7,120.0,3.9,0.37,280.0,83.7
6.7,8.0,111.0,3.6,0.31,143.0,83.7
6.9,7.3,229.0,3.8,0.68,257.0,83.34
6.8,7.5,171.0,3.8,0.34,199.0,83.52000000000001
6.9,7.3,183.0,2.2,1.25,56.0,88.2
5.4,7.2,925.0,11.7,0.78,512.0,67.06
7.0,7.4,225.0,3.8,0.26,375.0,83.52000000000001
6.6,8.1,102.0,3.9,0.26,345.0,83.7
6.9,6.8,41.0,0.8,0.22,1487.0,79.64000000000001
6.9,6.9,78.0,0.5,0.23,703.0,79.46000000000001
7.3,7.0,49.0,0.7,0.66,445.0,88.56
6.7,6.7,67.0,1.3,0.4,1025.0,76.34
6.5,6.6,109.0,1.2,0.37,679.0,72.86000000000001
6.9,6.5,108.0,1.0,0.42,1083.0,72.86000000000001
6.4,6.6,48.0,1.0,0.25,603.0,73.04
7.2,6.7,109.0,0.8,0.44,1400.0,76.16
6.8,7.1,61.0,1.5,0.5,485.0,88.56
6.1,6.7,244.0,0.9,0.33,1113.0,75.80000000000001
6.8,7.0,62.0,0.6,0.93,434.0,88.56
7.1,7.0,59.0,0.8,0.71,890.0,82.94
7.4,6.6,64.0,0.7,0.29,1425.0,73.04
6.4,7.0,79.0,0.8,0.73,493.0,88.38
7.2,6.7,73.0,0.9,0.28,2150.0,76.34
6.2,7.0,83.0,0.6,0.93,505.0,82.75999999999999
6.1,6.7,55.0,1.4,0.55,1450.0,76.34
6.6,6.5,79.0,0.8,0.13,650.0,72.86000000000001
6.9,6.7,198.0,0.3,0.2,180.0,81.60000000000001
7.3,6.5,44.0,0.5,0.21,400.0,78.66000000000001
7.4,7.0,45.0,1.1,0.11,1933.0,82.94
7.6,6.7,52.0,1.1,0.11,963.0,76.34
2.9,6.3,841.0,2.0,1.07,913.0,37.440000000000005
6.6,6.7,72.0,0.7,0.32,1655.0,76.34
6.4,6.7,122.0,0.7,0.34,1630.0,76.16
5.4,6.6,102.0,0.9,0.26,1913.0,67.24000000000001
6.9,7.1,71.0,0.5,0.26,246.0,88.56
6.7,6.5,55.0,0.9,0.6,500.0,78.66000000000001
5.7,6.7,127.0,1.9,0.35,473.0,76.16
6.0,6.9,77.0,1.8,0.61,500.0,85.08
7.4,6.4,78.0,1.2,0.12,720.0,66.25999999999999
6.4,6.1,62.0,0.7,0.28,425.0,72.06
6.6,6.3,59.0,1.0,0.16,385.0,72.06
7.1,6.4,59.0,0.9,0.13,275.0,72.06
7.3,6.2,51.0,0.9,0.21,340.0,72.06
6.8,6.5,80.0,0.8,0.26,100.0,78.48
5.8,6.5,59.0,1.5,0.13,2788.0,67.42
7.7,6.8,67.0,0.9,0.08,2257.0,79.64000000000001
6.7,6.3,177.0,1.2,0.2,2807.0,66.08
6.2,7.6,498.0,0.4,0.28,1400.0,82.03999999999999
6.8,7.5,119.0,0.4,0.18,918.0,82.75999999999999
7.1,7.6,161.0,0.5,0.19,1675.0,82.58000000000001
5.9,6.7,70.0,1.7,0.5,428.0,76.34
5.8,6.5,864.0,1.5,0.37,876.0,66.52000000000001
4.7,6.6,69.0,1.8,0.26,1083.0,61.800000000000004
1.4,6.2,129.0,2.2,0.48,882.0,38.160000000000004
1.5,6.3,73.0,1.5,0.12,1225.0,38.34
7.0,7.5,226.0,1.1,2.3,83.0,88.02
7.7,8.1,330.0,1.9,0.9,3025.0,82.03999999999999
7.2,8.2,315.0,1.7,1.7,4275.0,82.03999999999999
7.6,8.1,301.0,1.5,0.5,4175.0,82.03999999999999
7.3,8.0,225.0,1.3,0.5,2175.0,82.58000000000001
7.4,8.0,238.0,1.9,0.2,5975.0,82.4
7.2,7.7,835.0,2.0,0.7,2750.0,82.03999999999999
7.2,7.8,169.0,1.3,0.4,690.0,82.58000000000001
7.0,8.1,240.0,1.0,0.4,1525.0,82.4
7.4,8.1,153.0,1.7,0.5,1105.0,82.58000000000001
7.4,6.8,337.0,1.3,0.1,208.0,84.36
7.5,6.7,180.0,1.3,0.1,176.0,81.60000000000001
6.9,6.8,127.0,2.4,0.1,357.0,85.08
7.0,7.0,305.0,1.5,0.1,191.0,87.66
7.2,6.7,323.0,1.6,0.1,167.0,81.06
7.4,6.7,364.0,1.6,0.1,150.0,81.06
7.5,7.2,473.0,2.1,0.1,338.0,87.66
6.7,7.4,544.0,2.0,0.3,253.0,87.66
7.0,7.2,286.0,9.5,0.9,189.0,78.66
6.5,7.9,566.0,0.9,3.8,32.0,93.28
6.0,7.3,755.0,6.0,2.1,4950.0,77.36000000000001
4.9,7.4,892.0,14.0,4.4,75000.0,50.199999999999996
5.0,6.7,813.0,7.5,2.2,9000.0,54.84
5.6,7.3,964.0,14.0,4.2,70000.0,55.82
5.7,7.4,968.0,9.5,3.1,25500.0,55.82
5.3,7.4,779.0,10.0,3.1,52500.0,55.82
4.8,7.4,825.0,19.0,4.6,75000.0,50.199999999999996
4.5,7.2,885.0,10.5,3.3,12000.0,50.199999999999996
4.8,7.5,896.0,10.0,4.1,70000.0,50.199999999999996
3.1,7.6,1000.0,10.0,3.7,62500.0,44.58
5.475,7.82,721.5,6.9,1.26,249.0,72.68
4.8,7.3,260.0,0.8,1.1,7.0,82.4
9.6,7.1,225.0,4.4,3.0,460.0,83.52000000000001
6.6,7.7,143.0,1.3,0.0,322.0,88.38
6.3,7.6,164.0,2.8,0.1,577.0,82.58000000000001
5.7,7.8,170.0,3.4,0.2,608.0,72.28
6.4,7.025,187.63,3.175,2.675,2925.0,77.9
8.35,7.125,110.75,1.525,3.075,355.0,88.38
8.45,6.95,104.25,1.2,2.6,312.5,71.88
7.2,7.8,262.0,0.28,0.15,50.0,93.64
5.1,7.8,530.0,2.73,0.6,137000.0,65.18
6.0,8.2,612.0,2.28,0.4,68650.0,70.8
2.8,7.9,663.0,5.93,0.97,358000.0,38.019999999999996
6.6,7.8,37.0,2.25,0.01,13.0,94.18
6.8,7.1,11.0,1.65,0.07,33.0,94.18
6.5,7.5,28.0,4.55,0.05,44.0,89.50000000000001
7.1,8.0,49.0,1.25,0.02,7.0,94.18
7.6,7.3,93.0,0.95,0.03,350.0,88.38
7.4,7.0,67.0,2.45,0.13,809.0,82.94
7.0,7.3,89.0,1.5,0.02,42.0,94.0
5.4,7.3,75.0,1.8,0.06,2400.0,77.32000000000002
6.7,7.2,95.0,1.4,0.1,22.0,94.0
6.8,6.9,58.0,1.9,0.03,53.0,85.26
5.6,6.8,67.0,1.9,0.06,137.0,79.64000000000001
5.2,7.2,29.0,1.65,0.04,144.0,82.94000000000001
6.2,7.1,146.0,2.1,0.09,2400.0,82.75999999999999
3.6,7.0,29.0,2.0,0.09,170.0,71.7
8.1,7.1,335.0,3.2,0.21,5400.0,77.36000000000001
6.3,7.6,119.0,3.67,0.37,781.0,78.08000000000001
6.4,7.6,109.0,3.4,0.42,316.0,83.7
5.9,7.2,119.0,4.04,0.65,223.0,78.08
5.3,7.7,109.0,3.25,0.38,296.0,78.08
6.0,7.8,301.0,5.43,0.3,1050.0,77.36000000000001
6.6,7.2,131.0,4.5,0.83,737.0,78.08000000000001
6.8,7.2,110.0,3.9,0.49,1036.0,78.08000000000001
6.7,7.6,109.0,4.13,0.28,624.0,78.08000000000001
5.2,7.0,478.0,16.3,0.35,1008.0,67.06
6.9,6.6,291.0,1.96,1.4,104.0,78.12
7.3,6.6,36.0,0.6,0.41,1056.0,73.04
6.4,6.7,41.0,1.0,0.75,1179.0,76.34
5.1,6.8,52.0,1.6,0.22,1680.0,74.02000000000001
6.8,6.7,183.0,1.3,0.28,1748.0,75.98000000000002
6.3,6.3,115.0,0.9,0.5,2865.0,66.25999999999999
7.2,6.7,455.0,1.1,0.28,753.0,75.44
6.8,6.9,80.0,0.4,0.52,508.0,79.46000000000001
7.7,7.2,47.0,1.0,2.0,452.0,88.56
7.1,6.8,57.0,1.5,1.12,681.0,79.64000000000001
6.6,6.3,148.0,1.2,0.93,935.0,66.25999999999999
6.7,6.2,40.0,0.6,1.0,1100.0,66.44
5.8,6.3,65.0,1.1,2.97,1200.0,60.82000000000001
5.1,6.3,50.0,1.0,3.1,1600.0,60.82000000000001
6.6,6.2,42.0,0.6,1.97,925.0,66.44
6.6,6.4,43.0,0.7,3.13,975.0,66.44
6.7,6.4,50.0,0.5,3.6,1175.0,66.44
6.6,6.3,46.0,0.6,1.07,1010.0,66.44
5.9,6.4,54.0,0.7,3.53,985.0,60.82000000000001
7.6,6.7,55.0,0.7,4.17,1575.0,76.34
6.5,6.7,72.0,0.8,2.83,775.0,76.34
7.3,7.4,71.0,0.7,4.1,940.0,82.94
6.3,6.7,79.0,0.7,2.03,702.0,76.16
6.9,6.6,33.0,0.4,1.4,28.0,84.28
6.8,6.7,46.0,0.4,1.47,150.0,81.96000000000001
7.3,6.7,62.0,0.9,2.8,920.0,76.34
7.6,6.6,61.0,0.5,3.4,503.0,73.04
2.4,6.7,221.0,2.1,3.97,660.0,47.88
7.1,6.8,89.0,1.2,0.4,1600.0,79.46000000000001
6.4,6.7,110.0,0.5,0.2,3200.0,76.16
3.5,6.9,105.0,0.7,0.15,800.0,62.6
7.4,7.3,155.0,0.8,1.2,920.0,82.58000000000001
6.8,6.9,77.0,0.9,1.8,470.0,85.08
5.5,6.5,75.0,1.9,0.1,2100.0,67.42
5.4,6.5,102.0,4.0,0.1,680.0,62.56000000000001
4.8,6.8,90.0,1.1,0.1,1090.0,68.22
5.8,6.3,87.0,0.7,0.1,1500.0,60.64000000000001
7.3,6.6,57.0,0.4,0.25,883.0,73.04
7.3,6.1,45.0,0.7,0.2,1050.0,66.44
7.6,6.3,39.0,0.5,0.2,2588.0,66.44
7.7,6.6,31.0,0.3,0.15,1300.0,73.04
5.4,5.9,595.0,0.8,0.1,1375.0,59.92000000000001
7.4,6.1,30.0,0.9,0.3,1050.0,66.44
6.6,5.9,37.0,0.7,0.1,1725.0,66.44
7.2,5.9,39.0,0.8,0.55,1500.0,66.44
6.3,6.5,925.0,1.1,0.3,1550.0,72.14000000000001
7.6,6.6,50.0,0.6,0.25,3000.0,73.04
7.3,6.5,64.0,1.4,0.5,2850.0,73.04
7.5,7.0,74.0,0.8,0.1,2800.0,82.94
4.4,7.3,428.0,0.4,0.15,1090.0,70.80000000000001
6.8,7.0,169.0,0.4,0.25,560.0,82.58000000000001
1.7,6.2,181.0,3.0,0.45,2208.0,37.980000000000004
3.0,6.1,80.0,2.0,0.13,1240.0,49.4
6.9,7.8,469.0,0.89,0.86,5874.0,82.03999999999999
7.7,8.1,266.0,1.83,1.01,3175.0,82.4
7.5,8.2,233.0,2.5,0.89,4300.0,82.4
7.6,8.1,233.0,1.35,1.43,3200.0,82.4
7.6,6.6,118.0,1.15,0.15,180.0,78.48
6.8,6.6,179.0,1.88,0.2,253.0,78.30000000000001
6.8,6.7,172.0,2.14,0.19,402.0,81.60000000000001
6.9,7.1,260.0,1.78,0.13,200.0,88.02
7.3,6.6,94.0,1.27,0.17,150.0,78.48
7.4,6.7,88.0,1.03,0.15,173.0,81.78
7.2,7.2,439.0,2.28,0.14,415.0,87.66
6.8,7.6,749.0,2.25,0.36,699.0,82.03999999999999
6.9,7.3,252.0,4.33,1.0,858.0,77.72
7.7,8.1,195.0,1.1,0.7,10.0,93.82000000000001
5.9,7.2,703.0,5.4,2.05,21000.0,60.5
5.7,7.3,732.0,10.7,2.4,45500.0,55.82
5.0,7.2,983.0,26.1,3.05,135000.0,50.199999999999996
5.0,7.3,748.0,7.4,2.65,90000.0,50.199999999999996
5.1,7.2,760.0,13.5,2.55,122500.0,55.82
4.5,7.2,856.0,23.8,3.45,232500.0,50.199999999999996
5.5,7.6,973.0,27.8,3.33,392500.0,55.82
5.6,7.6,951.0,25.8,3.23,712500.0,55.82
5.4,7.8,438.0,1.7,0.41,6.0,87.66000000000001
5.0,3.2,630.0,7.0,2.5,33.0,56.18000000000001
5.4,7.3,141.0,2.67,0.08,510.0,77.14000000000001
5.8,7.8,161.0,2.93,0.1,588.0,76.96000000000001
7.0,7.7,448.0,0.4,0.2,42.0,93.28
5.7,7.6,868.0,4.2,0.4,57.0,77.36
7.2,7.2,70.0,1.6,0.1,2887.0,82.94
7.2,6.8,60.0,2.1,0.1,10403.0,68.4
7.4,7.1,80.0,1.4,0.1,1010.0,82.75999999999999
7.2,6.9,80.0,1.3,0.1,1938.0,79.46000000000001
7.4,7.0,66.0,2.0,0.1,1451.0,82.94
6.3,6.6,66.0,1.6,0.1,3293.0,73.04
6.4,7.3,103.0,4.0,0.24,753.0,78.08000000000001
6.7,7.4,103.0,3.9,0.22,644.0,78.08000000000001
6.6,7.5,97.0,3.7,0.25,169.0,83.7
5.7,7.2,531.0,5.3,0.75,456.0,77.36
6.4,7.1,113.0,3.9,0.47,400.0,83.7
6.6,7.2,88.0,3.9,0.45,1146.0,78.08000000000001
6.2,7.3,117.0,4.0,0.5,638.0,78.08000000000001
7.5,6.8,32.0,0.8,0.3,738.0,79.64000000000001
6.7,6.8,42.0,1.0,0.4,804.0,79.64000000000001
6.9,6.7,73.0,0.5,0.2,1242.0,76.34
7.4,7.2,49.0,1.1,0.3,641.0,82.94
7.2,6.8,58.0,1.5,0.3,556.0,79.64000000000001
6.8,6.6,115.0,2.0,0.5,635.0,72.86000000000001
7.1,6.1,34.0,0.6,0.5,1975.0,66.44
5.9,6.2,52.0,0.5,0.6,1775.0,60.82000000000001
5.1,6.2,55.0,1.1,0.4,2000.0,60.82000000000001
6.7,6.2,43.0,0.7,0.4,2100.0,66.44
5.8,6.2,34.0,0.6,0.3,1625.0,60.82000000000001
6.4,6.2,39.0,0.7,0.4,1900.0,66.44
6.6,6.3,41.0,0.6,0.3,1442.0,66.44
5.4,6.2,47.0,0.7,0.5,1825.0,60.82000000000001
6.7,6.7,80.0,1.3,0.5,3050.0,76.16
6.4,7.0,112.0,1.4,0.7,5725.0,82.75999999999999
6.3,7.1,83.0,1.0,0.4,1080.0,82.75999999999999
6.2,6.5,95.0,0.8,1.2,2550.0,72.86000000000001
6.9,6.4,41.0,0.5,0.2,285.0,72.06
6.8,6.5,51.0,0.5,0.2,435.0,78.66000000000001
7.5,6.9,52.0,0.5,0.2,685.0,79.64000000000001
7.4,6.8,68.0,0.3,0.2,725.0,79.64000000000001
6.2,7.6,380.0,0.5,0.5,24583.0,70.8
7.9,7.9,382.0,2.1,0.21,2700.0,82.03999999999999
7.2,7.7,244.0,1.2,0.51,1793.0,82.4
6.7,7.6,231.0,1.5,0.56,3133.0,82.4
7.5,6.5,65.0,1.0,0.15,319.0,78.66000000000001
6.8,6.5,88.0,0.9,0.11,233.0,78.48
6.8,6.5,128.0,1.8,0.15,507.0,72.86000000000001
7.8,7.2,250.0,1.9,0.15,249.0,88.02
7.2,6.4,71.0,1.2,0.12,165.0,72.06
7.4,6.5,71.0,1.5,0.12,189.0,78.66000000000001
7.6,7.1,428.0,2.5,0.15,443.0,87.66
6.8,7.2,856.0,2.1,0.32,348.0,87.66
7.3,7.3,152.0,2.0,1.28,998.0,82.58000000000001
7.9,7.9,385.0,2.5,0.25,24.0,93.28
4.9,7.6,972.0,19.6,1.8,718.0,61.44
7.4,7.5,413.0,2.1,1.23,10775.0,70.8
6.1,7.8,632.0,8.1,2.9,162500.0,61.44
6.7,7.6,425.0,7.4,2.88,78750.0,61.44
6.3,7.7,619.0,7.3,3.28,125000.0,61.44
6.4,7.7,439.0,4.2,2.2,440750.0,66.12
6.5,7.7,686.0,9.8,2.6,105000.0,61.44
6.4,7.8,754.0,13.8,2.53,227500.0,61.44
6.3,7.7,615.0,8.2,3.7,622500.0,61.44
6.2,7.6,457.0,3.7,2.23,49000.0,66.12
6.0,7.8,690.0,9.6,3.0,117500.0,61.44
5.9,7.8,692.0,11.1,3.5,222500.0,55.82
5.9,7.7,699.0,10.4,3.33,967500.0,55.82
5.6,7.4,168.0,2.2,0.38,16.0,88.20000000000002
8.1,7.2,221.0,5.4,1.95,373.0,83.52000000000001
6.1,3.1,738.0,5.5,2.73,45.0,72.10000000000001
8.0,7.0,164.0,1.7,1.6,2067.0,82.58000000000001
5.4,7.2,153.0,1.7,1.78,278.0,82.58000000000001
7.0,7.0,161.0,1.7,2.43,375.0,88.2
5.2,7.4,120.0,1.4,0.05,280.0,82.76
5.4,7.4,128.0,3.0,0.06,565.0,77.14000000000001
7.102,7.945,307.5,1.525,0.11,50.0,93.28
5.35,7.935,735.0,4.7,0.835,15000.0,60.5
7.05,7.995,535.0,4.7,1.195,33500.0,66.12
6.085,7.695,933.0,3.2,0.153,1550.0,77.36000000000001
4.9,7.943,504.7,3.1,0.603,2367.0,66.12
6.625,7.725,149.3,2.175,0.12300000000000001,60.0,88.38
5.175,6.95,464.0,1.5,0.7,255.0,65.54
6.4,7.45,142.8,2.025,0.155,4073.0,82.75999999999999
7.4,6.733,344.3,1.7,0.9,160.0,81.06
7.6,6.775,213.3,1.3,0.17300000000000001,3275.0,75.98000000000002
7.35,7.1,214.8,1.425,0.15,285.0,88.2
7.675,6.875,103.3,1.025,3.367,96.0,85.08
7.125,7.55,418.3,1.725,0.45,106.0,87.66
7.0,6.725,497.3,1.575,0.135,5425.0,75.44
6.542999999999999,7.229,130.4,4.013999999999999,0.307,187.0,83.7
6.7,7.307,121.5,3.8569999999999998,0.264,162.0,83.7
7.1,7.507000000000001,102.5,4.633,0.21,152.0,83.7
6.332999999999999,7.277,542.0,5.4,7.187,207.0,82.98
6.471,7.379,204.3,3.7289999999999996,0.309,174.0,83.52000000000001
6.371,7.061,214.0,4.5,0.34600000000000003,292.0,83.52000000000001
6.7,7.44,153.3,4.4,0.65,305.0,83.52000000000001
6.2,6.457000000000001,881.1,1.757,0.326,541.0,65.53999999999999
7.2860000000000005,6.586,82.9,1.071,0.233,470.0,78.48
6.525,6.5,124.1,1.3130000000000002,0.22699999999999998,844.0,72.86000000000001
6.917000000000001,6.95,185.4,0.467,0.11199999999999999,433.0,71.7
7.075,7.25,107.3,0.988,0.369,384.0,88.38
7.013,6.712000000000001,151.4,1.4,0.397,485.0,81.60000000000001
6.787000000000001,6.65,119.3,1.6369999999999998,0.4,574.0,72.86000000000001
4.1,6.775,511.4,6.787999999999999,1.3730000000000002,3100.0,54.84
6.9,6.8,224.0,0.733,0.43799999999999994,2500.0,79.28
6.867000000000001,6.832999999999999,292.7,0.633,0.575,2400.0,79.1
6.4670000000000005,6.6,240.0,1.033,0.66,2733.0,72.5
6.667000000000001,6.933,268.0,0.9329999999999999,0.893,3300.0,65.9
6.9670000000000005,6.933,268.0,0.833,0.4,2233.0,65.9
6.733,6.867000000000001,324.0,0.9329999999999999,0.455,2233.0,78.74000000000001
6.7139999999999995,6.957000000000001,143.4,0.6709999999999999,0.449,2171.0,66.25999999999999
6.733,6.733,242.7,0.9,0.743,2833.0,75.80000000000001
7.233,6.867000000000001,75.7,1.1,0.853,2300.0,79.46000000000001
6.233,6.9,104.7,0.867,1.2670000000000001,2233.0,79.46000000000001
6.867000000000001,7.067,336.7,0.5329999999999999,0.285,455.0,87.66
6.433,6.667000000000001,339.3,0.6,0.292,967.0,72.14000000000001
7.0329999999999995,6.5329999999999995,141.3,0.5329999999999999,0.135,740.0,72.86000000000001
6.632999999999999,7.067,237.0,0.633,0.45,800.0,82.4
7.0329999999999995,7.0329999999999995,241.0,0.267,0.23199999999999998,1260.0,82.4
7.0,7.132999999999999,302.0,0.7,0.168,933.0,82.03999999999999
6.242999999999999,7.252999999999999,405.6,0.857,1.2690000000000001,21469.0,70.8
6.9,8.2,211.0,2.8,2.12,2200.0,82.58000000000001
7.8,8.5,197.0,0.6,3.01,3500.0,82.58000000000001
7.95,6.565,188.5,1.5,0.08,66.0,78.30000000000001
5.8,6.6,107.0,1.0,0.265,58.0,72.86
6.975,6.725,144.3,1.5,0.22,98.0,81.78
7.525,6.61,93.3,1.5,0.28300000000000003,26.0,84.10000000000001
7.15,6.56,141.0,1.1,0.25,73.0,78.48
6.925,7.632999999999999,552.0,2.0,0.217,570.0,82.03999999999999
6.825,7.125,299.3,3.667,1.525,771.0,77.72
6.0329999999999995,7.367000000000001,323.3,3.267,0.667,6867.0,77.36000000000001
5.1,7.85,785.0,12.0,1.65,36500.0,55.82
4.867,7.367000000000001,568.0,12.0,1.367,27667.0,50.199999999999996
4.833,7.5329999999999995,760.0,13.333,1.933,30000.0,50.199999999999996
5.1,7.367000000000001,388.0,6.933,1.4,43067.0,55.82
6.8,7.3,433.5,5.4,1.35,9250.0,77.36000000000001
4.2,7.367000000000001,758.0,14.667,1.7,83667.0,50.199999999999996
5.5329999999999995,7.3,453.3,9.333,1.567,88333.0,55.82
5.2,7.3,391.3,6.267,1.4,54067.0,55.82
4.2,7.733,825.3,21.0,1.4,76667.0,50.199999999999996
4.033,7.667000000000001,855.0,21.333000000000002,1.767,148667.0,33.339999999999996
4.133,7.632999999999999,811.3,20.333,1.6669999999999998,110333.0,50.199999999999996
6.65,7.875,914.5,43.0,0.8240000000000001,16900.0,61.44
7.2,9.01,340.5,4.6,2.955,23.0,72.10000000000001
7.2,7.0,183.0,5.2,2.6,180.0,83.52000000000001
4.6,3.0,350.0,6.2,2.2,49.0,56.18000000000001
8.8,7.0,172.0,1.6,5.0,2800.0,82.58000000000001
10.0,7.1,150.0,1.0,4.0,350.0,88.38
9.0,7.3,158.0,1.8,7.2,280.0,88.2
5.6,7.65,375.2,1.758,1.995,18417.0,65.18
7.2,7.84,342.8,1.764,0.528,230.0,87.66
6.2,8.11,480.0,11.333,0.39,18810.0,61.44
7.2,8.07,580.0,4.0,0.37,280.0,82.98
7.2,7.42,246.9,4.632,0.7909999999999999,118311.0,66.48
6.9,6.44,302.9,2.3040000000000003,0.231,116.0,71.16
7.8,6.69,255.9,2.7539999999999996,0.348,140.0,78.12
6.7,7.35,346.1,1.893,0.973,148.0,87.66
8.3,6.68,348.9,2.503,1.686,155.0,77.76
8.1,6.18,187.4,2.375,0.196,155.0,71.7
7.7,6.55,121.8,2.242,1.136,164.0,78.48
8.6,6.56,181.4,2.423,0.276,155.0,78.30000000000001
7.7,6.45,302.5,2.144,0.163,142.0,71.16
7.4,6.07,142.8,1.681,0.276,140.0,71.88
7.1,7.2,280.5,1.6,0.48,95.0,88.02
6.7,7.56,128.4,4.942,0.447,250.0,83.7
6.6,7.15,199.0,7.475,2.1,288.0,78.84
6.4,3.05,605.0,5.067,4.8,45.0,72.10000000000001
7.1,7.03,147.3,2.1,1.0,2300.0,82.75999999999999
7.5,7.8,286.5,1.775,0.51,17625.0,71.16
6.0,7.55,214.5,3.125,0.895,10950.0,66.66000000000001
6.3,7.43,201.3,2.175,0.76,4500.0,82.58000000000001
7.3,7.3,157.0,2.0669999999999997,0.55,348.0,88.2
6.3,7.58,379.8,6.7,1.575,4963.0,72.68
6.1,7.58,490.0,14.25,2.425,27500.0,61.44
6.8,7.43,337.5,4.25,1.225,3043.0,77.36000000000001
6.7,7.38,333.5,3.85,1.575,11050.0,66.12
5.9,7.48,428.0,8.35,2.2,22025.0,55.82
6.5,7.4,361.8,4.3,1.9,15875.0,66.12
6.9,7.4,322.0,3.75,0.975,3500.0,77.36000000000001
5.1,7.48,496.5,14.7,2.3,23500.0,55.82
5.0,7.4,515.3,14.76,2.08,37320.0,50.199999999999996
5.1,7.43,503.3,16.25,2.3,44000.0,55.82
4.0,7.65,729.0,36.0,2.89,2950.0,55.82
8.0,8.31,617.0,4.4,0.655,30.0,88.60000000000001
7.5,7.53,87.3,1.4069999999999998,0.5670000000000001,133.0,88.38
6.6,7.27,162.3,3.555,0.292,156.0,83.52000000000001
6.8,7.12,172.3,1.723,0.198,283.0,88.2
7.1,6.94,95.8,0.943,0.151,26.0,77.5
7.4,7.0,88.5,0.977,0.18600000000000003,105.0,88.38
6.6,7.49,571.5,2.0909999999999997,0.256,273.0,87.66
5.4,7.37,104.8,1.8019999999999998,0.215,557.0,77.14000000000001
5.3,7.37,102.2,2.552,0.20199999999999999,583.0,77.14000000000001
